{"cameraMode":{"drawMode":0,"name":"Shaded","section":"Shading Mode"},"sceneLighting":true,"audioPlay":false,"sceneViewState":{"showFog":true,"showMaterialUpdate":false,"showSkybox":true,"showFlares":true,"showImageEffects":true,"showParticleSystems":true},"in2DMode":false,"pivot":{"x":-0.19817183911800385,"y":0.022431015968322755,"z":2.8438007831573488},"rotation":{"x":-0.02373787760734558,"y":0.14672228693962098,"z":-0.0035220126155763866,"w":-0.9888869524002075},"size":7.711869716644287,"orthographic":false}